{
  "camera": {
    "fov": 80,
    "offset": 2.2600000000000096,
    "rotation": [
      0.004975521622297885,
      0.28143061228507327,
      0.04455546166981273,
      0.9585332786726959
    ],
    "roll": true,
    "__minimized": true
  },
  "particle": {
    "count": 250000,
    "minDuration": 1,
    "maxDuration": 4,
    "size": 2.5,
    "roomSize": 2,
    "speed": 0.05,
    "scale": true,
    "blend": true,
    "depth": true,
    "enabled": true,
    "diffuse": [
      0.5,
      0.5,
      0.5
    ],
    "alpha": 0.44300000000000006
  },
  "objects": [
    {
      "mesh": "inverted cube",
      "diffuse": [
        0.7,
        0.7,
        0.7
      ],
      "specular": [
        1,
        1,
        1
      ],
      "highlight": 63.050000000000004,
      "position": [
        0,
        0,
        0
      ],
      "rotation": [
        0,
        0,
        0
      ],
      "scale": [
        2,
        2,
        2
      ]
    },
    {
      "mesh": "suzanne",
      "diffuse": [
        0.957,
        1,
        0.7
      ],
      "specular": [
        1,
        1,
        0.7
      ],
      "highlight": 131.89999999999995,
      "position": [
        0,
        0,
        -0.6500000000000008
      ],
      "rotation": [
        0,
        0,
        0
      ],
      "scale": [
        1,
        1,
        1
      ]
    }
  ],
  "lights": [
    {
      "type": "spot",
      "value": {
        "diffuse": [
          0.9119999999999999,
          1,
          0.9079999999999999
        ],
        "specular": [
          0.7,
          0.7,
          0.7
        ],
        "position": [
          0,
          2,
          0
        ],
        "direction": [
          0,
          1,
          0
        ],
        "attenuation": 0.5699999999999998,
        "angle": 6.459999999999984
      }
    }
  ],
  "__objects__minimized": true,
  "__lights__minimized": false,
  "__open": false
}