{
  "camera": {
    "fov": 45,
    "offset": 6.000000000000021,
    "rotation": [
      -0.04159692412474935,
      -0.18293155400284034,
      -0.012623386755718998,
      0.9821602150264465
    ],
    "__minimized": true,
    "roll": true
  },
  "particle": {
    "count": 250000,
    "minDuration": 0.5,
    "maxDuration": 2,
    "size": 8,
    "roomSize": 3,
    "speed": 0.01,
    "scale": true,
    "blend": true,
    "depth": true,
    "enabled": true,
    "diffuse": [
      1,
      1,
      1
    ],
    "__minimized": false,
    "alpha": 0.45
  },
  "objects": [
    {
      "mesh": "inverted cube",
      "texture": "none",
      "diffuse": [
        0.7,
        0.7,
        0.7
      ],
      "specular": [
        1,
        1,
        1
      ],
      "highlight": 11.625000000000002,
      "position": [
        0,
        0,
        0
      ],
      "rotation": [
        0,
        0,
        0
      ],
      "scale": [
        3,
        3,
        3
      ]
    },
    {
      "mesh": "suzanne",
      "texture": "none",
      "diffuse": [
        0.7,
        0.953,
        0.7
      ],
      "specular": [
        0.49,
        1,
        0.7
      ],
      "highlight": 40.75000000000001,
      "position": [
        -5.551115123125783e-17,
        0.3300000000000004,
        0.48
      ],
      "rotation": [
        0,
        -0.5500000000000002,
        0
      ],
      "scale": [
        1,
        1,
        1
      ]
    },
    {
      "mesh": "inverted cube",
      "texture": "none",
      "diffuse": [
        1,
        1,
        1
      ],
      "specular": [
        1,
        1,
        1
      ],
      "highlight": 4.949999999999999,
      "position": [
        -2.9099999999999997,
        0.3899999999999999,
        0
      ],
      "rotation": [
        0,
        0,
        0
      ],
      "scale": [
        0.1,
        1.2,
        1.2
      ]
    }
  ],
  "lights": [
    {
      "type": "point",
      "value": {
        "diffuse": [
          0.1,
          0.1,
          0.1
        ],
        "specular": [
          0,
          0,
          0
        ],
        "position": [
          -2.5,
          0,
          0
        ],
        "attenuation": 4.163336342344337e-17
      }
    },
    {
      "type": "box",
      "value": {
        "diffuse": [
          0.5,
          0.7420000000000001,
          0.7
        ],
        "specular": [
          0.7,
          0.7,
          0.7
        ],
        "position": [
          -3,
          1,
          0.6
        ],
        "rotation": [
          0,
          90,
          0
        ],
        "scale": [
          0.5,
          0.5,
          7
        ],
        "shear": [
          0,
          0,
          -0.2
        ]
      }
    },
    {
      "type": "box",
      "value": {
        "diffuse": [
          0.5,
          0.7020000000000001,
          0.7
        ],
        "specular": [
          0.7,
          0.7,
          0.7
        ],
        "position": [
          -3,
          1,
          -0.6
        ],
        "rotation": [
          0,
          90,
          0
        ],
        "scale": [
          0.5,
          0.5,
          7
        ],
        "shear": [
          0,
          0,
          -0.2
        ]
      }
    },
    {
      "type": "box",
      "value": {
        "diffuse": [
          0.5,
          0.7670000000000001,
          0.7
        ],
        "specular": [
          0.7,
          0.7,
          0.7
        ],
        "position": [
          -3,
          -0.2,
          0.6
        ],
        "rotation": [
          0,
          90,
          0
        ],
        "scale": [
          0.5,
          0.5,
          7
        ],
        "shear": [
          0,
          0,
          -0.2
        ]
      }
    },
    {
      "type": "box",
      "value": {
        "diffuse": [
          0.5,
          0.7290000000000001,
          0.7
        ],
        "specular": [
          0.7,
          0.7,
          0.7
        ],
        "position": [
          -3,
          -0.2,
          -0.6
        ],
        "rotation": [
          0,
          90,
          0
        ],
        "scale": [
          0.5100000000000001,
          0.5,
          7
        ],
        "shear": [
          0,
          0,
          -0.2
        ]
      }
    }
  ],
  "__objects__minimized": true,
  "__lights__minimized": true,
  "__open": false
}